"id";"product_name";"countries";"ingredients";"brands";"stores";"energy_100g";"proteins";"carbohydrates";"fat";"sugars";"saturated-fat";"sodium";"salt";"fiber";"polyols";"image_url"
"26038728";"Remix gélifiés";"France";"Sirop de glucose,sirop de sucre mélassé,contient des sulfites,sucre,farine de blé,gélatine,matière grasse végétale,palme,acidifiant,acide citrique,sel,poudre de lait entier,arômes,suc de réglisse,huile végétale,coprah,agent d'enrobage,cire de carnauba,colorants,E100,E120,E131,E160c,amidon de blé";"Petit Furet";"Harnes";"345.9111";"4";"79";"1.1";"52";"0.61";"0.21220472440944882";"0.539";"0";"0";"https://static.openfoodfacts.org/images/products/26038728/front_fr.5.400.jpg"
"3560070821839";"Paris'Gom";"France";"Sucre,sirop de glucose,eau,gélatine de porc,acidifiant,acide citrique,maltodextrine,arômes,colorants,curcumine,carmins,complexes cuivre-chlorophylles et cuivre-chlorophyllines";"Carrefour";"Carrefour City";"338.50555";"4.6";"78";"0.5";"60";"0.1";"0.011811023622047244";"0.03";"0";"0.5";"https://static.openfoodfacts.org/images/products/356/007/082/1839/front_fr.6.400.jpg"
"3560070821082";"Pêch'Acid";"France";"sucre,sirop de glucose,eau,gélatine de porc,acidifiants,acide malique et acide tartrique,arôme naturel,colorants,curcumine et carmins";"Carrefour";"Carrefour";"341.85";"5.4";"77";"0.5";"64";"0.1";"0";"0";"0";"0";"https://static.openfoodfacts.org/images/products/356/007/082/1082/front_fr.7.400.jpg"
"3560070821808";"Cola Acid";"France";"Sucre,sirop de glucose,eau,gélatine de porc,acidifiants,acide malique et acide tartrique,arôme,colorant,caramel au sulfite d'ammonium";"Carrefour";"";"338.26666";"5.4";"76";"0.5";"63";"0.2";"0.011811023622047242";"0.03";"0";"0";"https://static.openfoodfacts.org/images/products/356/007/082/1808/front_fr.3.400.jpg"
"3560070821822";"Grizzly";"France";"Sirop de glucose,sucre,eau,gélatine de porc,acidifiant,acide citrique,maltodextrine,arômes,colorants,curcumine,carmins,complexes cuivre-chlorophylles et cuivre-chlorophyllines,E160e,huile de palme,huile de palmiste,huile de coco,agents d'enrobage,cire d'abeille blanche et jaune,cire de carnauba";"Carrefour";"Carrefour Market";"328.47223";"5.8";"73";"0.5";"52";"0.2";"0.01968503937007874";"0.05";"0";"0";"https://static.openfoodfacts.org/images/products/356/007/082/1822/front_fr.7.400.jpg"
"3560071005771";"Moustach'Acid";"France";"Sirop de glucose,sucre,eau,gélatine de porc,acidifiants,acide lactique et acide citrique,arômes,colorant,curcumine,extrait de paprika,bleu patenté V,carmins. Contient,amidon de blé";"Carrefour";"Carrefour Market";"338.50555";"5.1";"78";"0";"67";"0";"0.007874015748031496";"0.02";"0";"0";"https://static.openfoodfacts.org/images/products/356/007/100/5771/front_fr.6.400.jpg"
"3560071005764";"Boul' Acid";"France";"Sucre,sirop de glucose,eau,amidon de maïs,gélatine de porc,acidifiants,acide citrique et acide malique,correcteur d'acidité,malates de sodium,arômes,fécule de pomme de terre,colorant,curcumine,carmins,bleu patenté V. Contient,amidon de blé";"Carrefour";"Carrefour Market";"347.82224";"1.9";"84";"0";"76";"0";"0.11811023622047243";"0.3";"0";"0";"https://static.openfoodfacts.org/images/products/356/007/100/5764/front_fr.6.400.jpg"
"3560070578047";"Jelly bean";"France";"sucre,sirop de glucose de blé et ou de maïs,eau,amidon modifié de maïs,acidifiants,acide fumarique,arômes,agents d'enrobage,shellac,cire de carnauba,cire d'abeille,colorants,curcumine,carmins,bleu brillant FCF,caramel de sulfite d'ammonium,dioxyde de titane,acide citrique";"Carrefour";"Carrefour Market";"381.74445";"0";"94";"0";"76";"0";"0.03";"0";"0";"0";"https://static.openfoodfacts.org/images/products/356/007/057/8047/front_fr.9.400.jpg"
"3560070920235";"Chocolats Belges";"France";"Sucre,pâte de cacao,beurre de cacao,noisettes,poudre de lait entier,graisses et huiles végétales,sirop de glucose,amandes,eau,poudre de lait écrémé,stabilisant,glycérol,émulsifiants,lécithine de tournesol,mono- et diglycérides d'acides gras et lécithine de soja,lait concentré sucré,matière grasse de lait anhydre,sirop de sucre inverti,arômes,café moulu,humectant,sorbitols,sel,poudre de cacao,acidifiant,acide citrique,colorant,caroténoïdes,palme,palmiste,coco";"Esprit de Fête";"Carrefour market";"542.2778";"5.5";"53";"34";"51";"17";"0.031496062992125984";"0.08";"3.1";"0";"https://static.openfoodfacts.org/images/products/356/007/092/0235/front_fr.7.400.jpg"
"15600703";"Bonbons goût fruit";"France";"édulcorants,sirop de maltilol de blé et/ou maïs,sucralose,acidifiants,acide citrique,arômes naturels,arômes naturels d'agrumes,colorant,curcumine,carmins,extrait de paprika,anthocyanes,citron,orange";"Carrefour";"Carrefour Market";"228.37778";"0";"95.5";"0";"0.2";"0";"0";"0";"0";"95.3";"https://upload.wikimedia.org/wikipedia/commons/f/f8/Question_mark_alternate.svg"
"3560070833252";"Rochers Noirs avec éclats de noisettes";"France";"Sucre,praliné,pâte de cacao,beurre de cacao,éclats de noisettes,graisses végétales,poudre de lait écrémé,matière grasse de lait anhydre,cacao maigre en poudre,poudre de lait entier,émulsifiant,lécithine de tournesol,lactose,lactosérum en poudre,arôme naturel de vanille,arôme naturel,sucre,pâte de noisettes,pâte d'amandes,palmiste,palme";"Esprit de Fête";"Carrefour City";"549.20557";"6.3";"48";"36";"47";"16";"0.007874015748031496";"0.02";"5.5";"0";"https://static.openfoodfacts.org/images/products/356/007/083/3252/front_fr.5.400.jpg"
"3560070835898";"Escargots blancs fourrage au praliné";"France";"Praliné,sucre,beurre de cacao,poudre de lait entier,graisses végétales,lactose,éclats de noisettes,poudre de lait écrémé,cacao maigre en poudre,émulsifiant,lécithine de tournesol,pâte de cacao,matière grasse de lait anhydre,arôme naturel,arôme naturel de vanille,lactosérum en poudre,sucre,pâte de noisettes,pâte d'amandes,palmiste,palme";"Esprit de Fête";"Carrefour";"543.23334";"6.7";"54";"33";"54";"15";"0.03543307086614173";"0.09";"2.6";"0";"https://static.openfoodfacts.org/images/products/356/007/083/5898/front_fr.5.400.jpg"
"3560070880812";"Lucioles Acid";"France";"Sucre,sirop de glucose,eau,gélatine de porc,acidifiants,acide malique et acide tartrique,arômes,colorants,bleu brillant FCF,cochenille,curcumine,complexes cuivre-chlorophylles et cuivre-chlorophyllines,dioxyde de titane";"Carrefour";"Carrefour City";"333.4889";"5.4";"76";"0.5";"63";"0.2";"0.0157";"0.039878";"0";"0";"https://static.openfoodfacts.org/images/products/356/007/088/0812/front_fr.6.400.jpg"
"3560070981489";"Assortiment de chocolats au lait";"France";"Sucre,praliné noisette,beurre de cacao,poudre de lait entier,praliné amande,pâte de cacao,pâte de noisette,noisettes caramélisées,brisures de bretzel,brisures de crêpe dentelle,émulsifiant,lécithines de soja,arômes naturels de vanille,fleur de sel,arôme speculos,colorant de décor,oxyde et hydroxyde de fer,sucre,noisettes,huile de noisettes,sucre,amandes,huile d'amandes,noisettes,sucre,sirop de glucose,miel,farine de blé,sel,huile de tournesol,farine de malt de blé,levure,correcteur d'acidité,hydroxyde de sodium,farine de blé,sucre,matière grasse de lait anhydre,lactose,protéines de lait,sel,farine de malt d'orge,poudre à lever,carbonates de sodium";"Carrefour Sélection,Carrefour";"Carrefour";"567.6";"7.2";"50";"37";"48";"15";"0.0826771653543307";"0.21";"3.4";"0";"https://static.openfoodfacts.org/images/products/356/007/098/1489/front_fr.5.400.jpg"
"3560070981458";"Assortiment de chocolats lait, noir, blanc";"France";"Sucre,praliné amande,pâte de cacao,beurre de cacao,poudre de lait entier,praliné noisette,caramel,amandes caramélisées,eau,brisures de bretzel,stabilisants,glycérol et sorbitols,beurre concentré,dextrose,poudre de lait écrémé,brisures de crêpe dentelle,émulsifiant,lécithines de soja,caramel en poudre,café,arôme naturel de café,arôme naturel,lactosérum en poudre,lactose,arômes naturels de vanille,fleur de sel,arôme,paprika,sucre,amandes,huile d'amandes,sucre,noisettes,huile de noisettes,sirop de glucose-fructose,sucre,lait concentré sucré,crème,beurre,beurre salé,sel,eau,stabilisant,pectines,amandes,sucre,sirop de glucose,miel,farine de blé,sel,huile de tournesol,farine de blé malté,levure,correcteur d'acidité,hydroxyde de sodium,farine de blé,sucre,matière grasse de lait anhydre,lactose,protéines de lait,sel,farine de malt d'orge,poudre à lever,carbonates de sodium,lait écrémé en poudre,protéines de lait,sucre,beurre";"Carrefour Sélection,Carrefour";"Carrefour";"545.1445";"6.9";"49";"35";"46";"17";"0.09448818897637795";"0.24";"4.7";"0";"https://static.openfoodfacts.org/images/products/356/007/098/1458/front_fr.5.400.jpg"
"451";"Pop n' Croc";"France";"Sucre,céréales maltées croustillantes,poudre de lait entier,beurre de cacao,pâte de cacao,lactosérum en poudre,extrait de malt d'orge,EMULSIFIANT,Lécithine de soja,sirop de glucose,AGENT D'ENROBAGE,Gomme arabique,arôme,amidon modifié de pomme de terre,Farine de blé,sucre,farine de blé malté,amidon de blé,extrait de malt d'orge,lait écrémé en poudre,sel";"Carrefour";"Carrefour";"488.05";"7.3";"62";"23";"51";"14";"0.16535";"0";"2.3";"0";"https://upload.wikimedia.org/wikipedia/commons/f/f8/Question_mark_alternate.svg"
"3560070521715";"Oursons";"France";"guimauve fantaisie enrobé 30% de chocolat au lait
sirop de glucose-fructose,sucre,eau,beurre de cacao,pâte de cacao,poudre de lait écrémé,gélatine de porc,matière grasse de lait anhydre,lactosérum en poudre,émulsifiant,lécithine de tournesol,arômes";"Carrefour";"";"363.1111";"4";"64";"9.7";"52";"5.3";"0.031496062992125984";"0.08";"0.6";"0";"https://static.openfoodfacts.org/images/products/356/007/052/1715/front_fr.12.400.jpg"
"3560070940554";"Assortiment de sucettes goûs fruits & cola";"France";"Sirop de glucose,sucre,acidifiant,acide citrique,arômes,concentré de sureau,colorants,curcumine,caramel ammoniacal,extrait de paprika,anthocyanes";"Carrefour";"Carrefour";"393.92776";"0";"97";"0";"62";"0";"0";"0";"0";"0";"https://static.openfoodfacts.org/images/products/356/007/094/0554/front_fr.7.400.jpg"
"3560070368341";"Assortiment de chocolats mixtes";"France";"Sucre,pâte de cacao,beurre de cacao,poudre de lait entier,pâte de noisettes,graisses végétales,pâte d'amandes,matière grasse de lait anhydre,caramel,lactose,pâte de nougat à la noix de pécan,cacao maigre en poudre,eaux de vie,framboise et poire Williams,poudre de lait écrémé,cacao en poudre,griottes à l'alcool,éclats de fèves de cacao caramélisés,brisure de crêpe dentelle,émulsifiant,lécithine de tournesol,brisures de nougat noir,arôme naturel de vanille,colorant,caramel de sulfite caustique,lactosérum en poudre,noix de coco râpée caramélisée,éclats de noix de pécan caramélisées,noix de macadamia caramélisée,éclats d'amandes,alcool,sirop de glucose,pâte au café,arômes,alcoolat de cerise,stabilisant,gomme arabique,huile de tournesol,enzyme,inertase,acidifiant,acide citrique,agent d'enrobage,shellac,palmiste,palme,sirop de glucose,graisse végétale de palme,lait concentré sucré,sucre,dextrose,beurre,émulsifiants,lécithine de tournesol et mono,et diglycérides d'acides gras,sel,arôme,noix de pécan,sirop de glucose,miel,sucre,arôme naturel de vanille,albumine d'oeuf,griottes,eau,alcool,éclats de fèves de cacao torréfiés,sucre,farine de blé,sucre,huile de tournesol,poudre de lait écrémé,malt d'orge,sel,amandes,sirop de glucose,sucre,miel,beurre de cacao,pain azyme,fécule de pomme de terre,eau,huile de tournesol,noix de coco râpée,sucre,sel,noix de pécan,sucre,noix de macadamia,sucre,café,beurre de cacao,émulsifiant,lécithine de tournesol,alcool,Kirsch,arôme";"Esprit de Fête";"Carrefour";"533.4389";"5.7";"53";"32";"51";"18";"0.031496062992125984";"0.08";"3.8";"0";"https://static.openfoodfacts.org/images/products/356/007/036/8341/front_fr.6.400.jpg"
"3560070368402";"Assortiment de chocolats noirs";"France";"Sucre,pâte de cacao,graisses végétales,beurre de cacao,matière grasse de lait anhydre,cacao maigre en poudre,cacao en poudre,pâte de noisettes,poudre de lait entier,eaux de vie,poire Williams et framboise,pâte d'amandes,griottes à l'alcool,huile végétale de tournesol,pâte de café,poudre de lait écrémé,éclats de noisettes caramélisés,éclats de fèves de cacao,lactosérum en poudre,éclats de cappuccino,Kirsch,arôme,arômes,lactose,stabilisant,gomme arabique,enzyme,invertase,acidifiant,acide citrique,palme,palmiste,griottes,eau,alcool,café,beurre de cacao,émulsifiant,lécithine de tournesol,noisettes,sucre,éclats de fèves de cacao torréfiés,sucre,maltodextrine,sucre,poudre de lait écrémé,café,amidon";"Esprit de Fête";"Carrefour";"536.7833";"5.1";"50";"34";"48";"21";"0.011811023622047244";"0.03";"5.9";"0";"https://static.openfoodfacts.org/images/products/356/007/036/8402/front_fr.6.400.jpg"
"3560070184200";"Bonbons goût caramel";"France";"Edulcorants,sirop de maltitol,isomalt,acésuldame K,crème fraîche,sel,arômes,poudre de lait écrémé,colorant,caramel amoniacal,émulsifiant,lécithine de tournesol";"Carrefour";"";"268.03333";"0";"89";"6";"0";"5";"0.2952755905511811";"0.75";"0";"89";"https://static.openfoodfacts.org/images/products/356/007/018/4200/front_fr.18.400.jpg"
"3560070721429";"Barres caramel";"France";"";"Carrefour";"";"0";"0";"0";"0";"0";"0";"0";"0";"0";"0";"https://static.openfoodfacts.org/images/products/356/007/072/1429/front_fr.5.400.jpg"
"3560070339495";"Ours Guimauve Chocolat au Lait";"France";"";"Carrefour";"";"400.61667";"4.8";"73";"9.4";"58";"6.3";"0.027559055118110236";"0.07";"0.8";"0";"https://static.openfoodfacts.org/images/products/356/007/033/9495/front_fr.3.400.jpg"
"3560070339433";"Bonbons tendres";"France";"";"Carrefour";"";"0";"0";"0";"0";"0";"0";"0";"0";"0";"0";"https://static.openfoodfacts.org/images/products/356/007/033/9433/front_fr.3.400.jpg"
"3564700015131";"Oeufs sur le plat";"France";"Sirop de glucose-fructose,sucre,eau,gélatine de porc,acidifiant,acide citrique,huile de coco,arômes,agent d'enrobage,cire d'abeille,colorants,caroténoïdes,cochenille";"Copains Copines,Marque repère";"";"322.5";"5.5";"74";"0";"63";"0";"0.04";"0.10160000000000001";"0";"0";"https://static.openfoodfacts.org/images/products/356/470/001/5131/front_fr.9.400.jpg"
"3564700260852";"Crocodil'";"France";"Sirop de glucose-fructose,sucre,eau,gélatine de porc,acidifiant,d'épinard et de curcuma,colorants,caroténoïdes,E120,agent d'enrobage,cire d'abeille,acide citrique,arômes,huile de coco,denrées alimentaires à effet colorant,extraits d'ortie";"Copains Copines";"Leclerc";"322.7389";"5.1";"73.7";"0.3";"60";"0.2";"0.00984251968503937";"0.025";"0";"0";"https://static.openfoodfacts.org/images/products/356/470/026/0852/front_fr.6.400.jpg"
"3564700578650";"Bonbons durs café sans sucres";"France";"Édulcorants,crème fraîche,café soluble,sel,extrait de café,arôme,colorants,caramel E150c,lait en poudre écrémé,émulsifiant,lécithine de tournesol,maltitols,E953,acésulfame-K";"Confiséo,Marque Repère";"Leclerc";"265.16666";"0.9";"91";"5";"0.4";"3.5";"0.3248031496062992";"0.825";"0.5";"91";"https://static.openfoodfacts.org/images/products/356/470/057/8650/front_fr.5.400.jpg"
"3564700672143";"Planch' Acid";"France";"Sirop de glucose,sucre,amidons modifiés,acidifiants,acide citrique,acide lactique,gélatine de porc,arômes,arôme naturel de citron avec autres arômes naturels,colorants,curcuma,E120,E131,extrait de paprika,concentré de fruits rouges,amidon de blé,pomme de terre,maïs,baie de sureau,aronia";"Copains Copines";"Leclerc";"352.8389";"1.9";"85";"0";"58";"0";"0";"0";"0.5";"0";"https://static.openfoodfacts.org/images/products/356/470/067/2143/front_fr.6.400.jpg"
"356470058088201";"Caramels Chocolat";"France";"Sirop de glucose-fructose,chocolat noir,sucre,lait concentré écrémé,graisse de palme,sel,émulsifiants,E471,lécithine de soja,arômes,sucre,pâte de cacao,beurre de cacao,matière grasse laitière anhydre,émulsifiant,lécithine de soja";"Confiséo,Marque Repère";"Leclerc";"445.05";"3.1";"68.7";"17.3";"55.6";"10.3";"0.1653543307086614";"0.42";"1.8";"0";"https://static.openfoodfacts.org/images/products/356/470/058/088201/front_fr.10.400.jpg"
"3564700580899";"Caramels durs";"France";"Sucre,sirop de glucose,crème fraîche de Normandie,lait en poudre écrémé,sel,dextrose,arôme";"Confiséo,Marque Repère";"Leclerc";"422.83334";"1.5";"83";"9";"72";"6";"0.39370078740157477";"1.00";"0";"0";"https://static.openfoodfacts.org/images/products/356/470/058/0899/front_fr.6.400.jpg"
"3564700580943";"Acidulo's goût tutti frutti";"France";"Sucre,sirop de glucose,acidifiant,E120,E141,acide citrique,arôme,colorants,curcumine";"Confiséo,Marque Repère";"Leclerc";"389.3889";"0";"94.2";"0.5";"68.4";"0.5";"0.0070866141732283455";"0.018";"0";"0";"https://static.openfoodfacts.org/images/products/356/470/058/0943/front_fr.6.400.jpg"
"3564700641842";"Bonbons durs Assortiment Fruité Sans Sucre";"France";"Édulcorants,acidifiant,acide citrique,arômes naturels,arôme naturel de citron,arôme naturel d'orange,colorants,maltitols,sucralose,curcumine,E120,extrait de paprika,anthocyanes";"Confiséo,Marque Repère";"Leclerc";"237.21666";"0";"97";"0.5";"0.5";"0.5";"0.0051181102362204715";"0.013";"0";"97";"https://static.openfoodfacts.org/images/products/356/470/064/1842/front_fr.5.400.jpg"
"3564700641859";"Bonbons durs aux Plantes sans sucres";"France";"Édulcorants,extraits de plantes,colorant,caramel E150d,arôme naturel d'eucalyptus,arôme naturel de menthe,arôme naturel d'anis étoilé,arôme naturel,maltitols,sucralose";"Confiséo,Marque Repère";"Leclerc";"231.72223";"0";"97";"0.5";"0.5";"0.5";"0.0051181102362204715";"0.013";"0";"97";"https://static.openfoodfacts.org/images/products/356/470/064/1859/front_fr.9.400.jpg"
"3564700641866";"Bonbons durs Réglisse";"France";"Édulcorants,maltitol,sucralose,suc de réglisse,arôme naturel,colorant,E153,chlorure d'ammonium";"Confiséo,Marque repère";"";"229.33333";"0";"96";"0.5";"0.5";"0.5";"0.01968503937007874";"0.050";"0";"96";"https://static.openfoodfacts.org/images/products/356/470/064/1866/front_fr.3.400.jpg"
"3564709164915";"";"France";"Sucre,sirop de glucose,miel de la Champagne 15%/";"Nos Régions ont du Talent";"";"397.5111";"0.5";"97.2";"0.3";"68.4";"0.3";"0.001968503937007874";"0.005";"0.5";"0";"https://static.openfoodfacts.org/images/products/356/470/916/4915/front_fr.3.400.jpg"
"3564361146489";"Coeurs de Guimauve";"France";"Enrobage chocolat noir,sucre,pâte de cacao,beurre de cacao et lécithine de SOJA.

Intérieur,sirop de glucose,sucre,dextrose,sucre glace,gélatine,vanilline,protéine de LAIT";"Coeur des Lys";"Carrefour";"0";"0";"0";"0";"0";"0";"0";"0";"0";"0";"https://static.openfoodfacts.org/images/products/356/436/114/6489/front_fr.6.400.jpg"
"3564700091005";"Assortiment confiseries aromatisées";"France";"";"Copains Copines,Marque repère";"";"0";"0";"0";"0";"0";"0";"0";"0";"0";"0";"https://static.openfoodfacts.org/images/products/356/470/009/1005/front_fr.9.400.jpg"
"3561770001095";"Les Cuchettes : sucettes au caramel";"France";"Sucre,sirop de glucose,lait concentré sucré,beurre,lait,sel de Guérande,0";"La Maison d'Armorine";"";"441.22778";"1.5";"84.7";"10.3";"63.9";"6.3";"0.23622047244094488";"0.6";"0";"0";"https://static.openfoodfacts.org/images/products/356/177/000/1095/front_fr.4.400.jpg"
"04930259";"Atomic";"France";"sirop,sirop de glucose,huile de coprah hydrogénée,acidifiants,gélatine,arômes,colorants,E161b,E133,émulsifiant,acide citrique,acide tartrique,E163,E473";"Carambar";"";"406.1111";"0.5";"83.9";"6.2";"65.4";"6.2";"0.005";"0";"0";"0";"https://static.openfoodfacts.org/images/products/04930259/front_fr.7.400.jpg"
"20431617";"assortiment de bonbons au chocolat";"France";"";"";"";"553.26666";"6.8";"49";"36";"48";"16";"0.027559055118110236";"0.07";"4.4";"0";"https://static.openfoodfacts.org/images/products/20431617/front_fr.9.400.jpg"
"3245412962233";"Fraîcheurs Rocher Lait Eclats de Noisettes caramélisés";"France";"Sucre,beurre de cacao,poudre de lait entier,graisses et huile végétales,éclats de noisettes caramélisés,pâte de cacao,pâte de noisettes,lactosérum en poudre,lactose,cacao maigre en poudre,émulsifiant,lécithine de tournesol,extrait de malt d'orge,arômes,palme,tournesol,karité,noisettes,sucre";"Esprit de Fête";"Carrefour";"583.36664";"5.6";"48";"41";"48";"21";"0.05905511811023622";"0.15";"1.7";"0";"https://static.openfoodfacts.org/images/products/324/541/296/2233/front_fr.5.400.jpg"
"3245412962318";"Chardons liqueurs assorties";"France";"Sucre,beurre de cacao,poudre de lait écrémé,poudre de lait entier,eau,eaux de vie,extrait GRAND MARNIER®,alcoolat de Chartreuse Verte,émulsifiant,lécithine de tournesol,stabilisant,gomme arabique,colorants,carmins,bleu patenté V,indigotine,caroténoïdes,lutéine,extrait de paprika,arôme naturel de vanille,Kirsch,framboise,poire Williams,alcool,eau,cognac,arômes naturels d'oranges amères,colorant,caramel ordinaire,alcool,mélange de plantes aromatiques";"Esprit de Fête";"Carrefour";"443.37778";"4.3";"67";"14";"67";"8.2";"0.051181102362204724";"0.13";"0";"0";"https://static.openfoodfacts.org/images/products/324/541/296/2318/front_fr.6.400.jpg"
"3245413495457";"Escargots Noirs fourrage au praliné";"France";"Praliné,sucre,pâte de cacao,beurre de cacao,graisses végétales,éclats de noisettes,poudre de lait écrémé,matière grasse de lait anhydre,cacao maigre en poudre,poudre de lait entier,émulsifiant,lécithine de tournesol,lactose,arôme naturel de vanille,lactosérum en poudre,arôme naturel,sucre,pâte de noisettes,pâte d'amandes,palmiste,palme";"Esprit de Fête";"Carrefour";"540.6055";"6.6";"50";"34";"49";"16";"0.011811023622047244";"0.03";"5.3";"0";"https://static.openfoodfacts.org/images/products/324/541/349/5457/front_fr.5.400.jpg"
"3245412414916";"Escargots Lait fourrage au praliné";"France";"Praliné,sucre,beurre de cacao,poudre de lait entier,graisses végétales,pâte de cacao,éclats de noisettes,lactose,poudre de lait écrémé,cacao maigre en poudre,émulsifiant,lécithine de tournesol,arôme naturel de vanille,matière grasse de lait anhydre,lactosérum en poudre,arôme naturel,sucre,pâte de noisettes,pâte d'amandes,palmiste,palme";"Esprit de Fête";"Carrefour";"544.1889";"7.4";"51";"34";"50";"16";"0.10236220472440945";"0.26";"3.4";"0";"https://static.openfoodfacts.org/images/products/324/541/241/4916/front_fr.5.400.jpg"
"80050124";"Tic Tac - Menthe";"France, en:switzerland";"Sucre,maltodextrine,fructose,épaissisant,gomme arabique,amidon de riz,arômes,huile essentielle de menthe,agent d'enrobage,cire de carnauba";"Tic Tac,Ferrero";"";"400.85556";"0.1";"97.5";"0.3";"0";"0";"0";"0";"0";"0";"https://static.openfoodfacts.org/images/products/80050124/front_fr.5.400.jpg"
"2044586899991";"Mints";"France";"Sucre,sirop de glucose,arômes,eau,colarant E170,agents d'enroboage E901 E903";"Hema";"";"404.4389";"0.5";"98";"0.5";"97";"0.5";"0.003937007874015748";"0.01";"0";"0";"https://static.openfoodfacts.org/images/products/204/458/689/9991/front_fr.3.400.jpg"
"3850102230044";"Bajadera";"Slovenia";"";"Kras";"";"544.6667";"5.8";"59.6";"33.3";"54.9";"10.8";"0";"0";"0";"0";"https://static.openfoodfacts.org/images/products/385/010/223/0044/front_en.4.400.jpg"
"5411333999995";"Ballotin Pralines";"France";"sucre,pâte de cacao,beurre de cacao,LAIT entier en poudre,NOISETTES,graisse végétale,AMANDES,sirop de glucose,sirop de sucre inverti,noix de coco séchée,LAIT écrémé en poudre,eau,stabilisant,matière grasse LAITière anhydre,LACTOSE,LAIT,LAIT condensé sucré,émulsifiant,lécithine de SOJA,huile végétale,coco,dextrose,fructose,SOJA,arôme naturel de vanille,amidon de BLÉ,GLUTEN,arôme naturel de café,arôme naturel,sel,arôme naturel d'orange,colorants,arôme,acidifiant,acide citrique,extrait de paprika,arôme naturel de cerise,arôme naturel de citron,palme,palmiste,coco,glycérol,sorbitol,E471,bétanine,caramel,E160a,i";"VandenBulcke";"Simply Market";"537.0222";"5.1";"55";"32";"54";"18";"0.03543307086614173";"0.09";"0";"0";"https://static.openfoodfacts.org/images/products/541/133/399/9995/front_fr.5.400.jpg"
"5410976453017";"Fins Chocolats Belges fourrés crème Feuilletine";"France";"Sucre,beurre de cacao,lait entier en poudre,graisse végétale,palme,pâte de cacao,lait écrémé en poudre,biscuit,sel,eau,extrait de chicorée,émulsifiant,lécithine de soja,arôme naturel de vanille,farine de blé,sucre,margarine,contenant du soja";"GuyLian";"";"587.4278";"6.6";"48";"41";"46";"25";"0.11023622047244096";"0.28";"0";"0";"https://static.openfoodfacts.org/images/products/541/097/645/3017/front_fr.7.400.jpg"
"5410591267907";"Arrache-toux / Véritables ballons";"Belgique";"Sucre,sirop de glucose";"Wycam's";"Carrefour,Colruyt";"325.36667";"0.5";"78.2";"0.5";"78.2";"0.5";"0.003937007874015748";"0.01";"0";"0";"https://static.openfoodfacts.org/images/products/541/059/126/7907/front_fr.6.400.jpg"
"5412841605101";"Frisk menthe extra forte";"France";"édulcorants,arômes,antiagglomérants,sorbitol,acésulfame K,sucralose,E551,E470b";"Frisk";"";"223.83888";"0";"93.5";"0";"0";"0";"0";"0";"0";"93.5";"https://static.openfoodfacts.org/images/products/541/284/160/5101/front_fr.5.400.jpg"
"5413548021010";"Schoko-Bons";"France";"Chocolat supérieur au LAIT,arômes,sucre,LAIT écrémé en poudre,huile de palme,NOISETTES,BEURRE concentré,chocolat noir,arômes,agents d'enrobage,sirop de glucose,émulsifiants,arômes,sucre,LAIT en poudre,beurre de cacao,pâte de cacao,émulsifiants,lécithines,SOJA,sucre,pâte de cacao,beurre de cacao,émulsifiants,lécithines,SOJA,gomme arabique,gomme schellac,lécithines,SOJA";"Kinder,Ferrero";"";"573.5722";"8.3";"52.5";"36.6";"52.2";"21.2";"0.11023622047244096";"0.280";"0";"0";"https://static.openfoodfacts.org/images/products/541/354/802/1010/front_fr.3.400.jpg"
"5413548021119";"Schoko-bons";"France";"chocolat supérieur au lait,arômes,sucre,lait écrémé en poudre,huile de palme,noisettes,beurre concentré,chocolat noir,arômes,agents d'enrobage,sirop de glucose,émulsifiants,arômes,sucre,lait en poudre,beurre de cacao,pâte de cacao,émulsifiants,lécithines,soja,sucre,pâte de cacao,beurre de cacao,émulsifiants,lécithines,soja,gomme arabique,gomme schellac,lécithines,soja";"kinder";"E.Leclerc";"0";"0";"52.5";"0";"0";"0";"0";"0";"0";"0";"https://static.openfoodfacts.org/images/products/541/354/802/1119/front_fr.10.400.jpg"
"5413548280677";"Schoko-Bons";"France, en:switzerland";"chocolat supérieur au lait,arôme,sucre,LAIT écrémé en poudre,graisse végétale,NOISETTES,BEURRE concentré,chocolat,arôme,agents d'enrobage,sirop de glucose,émulsifiants,arômes,sucre,LAIT en poudre,beurre de cacao,pâte de cacao,émulsifiants,lécithines,SOJA,sucre,pâte de cacao,beurre de cacao,émulsifiants,lécithines,SOJA,gomme arabique,gomme shellac E904,léticithines,SOJA";"Kinder,Ferrero";"Super U";"573.5722";"8.3";"52.5";"36.6";"52.2";"21.2";"0.11023622047244094";"0.280";"0";"0";"https://static.openfoodfacts.org/images/products/541/354/828/0677/front_fr.17.400.jpg"
"5413548280189";"Kinder Schoko-Bons";"France,Allemagne";"Chocolat supérieur au lait,arômes,sucre,lait écrémé en poudre,huile de palme,noisettes,beurre concentré,chocolat noir,arômes,agents d'enrobage,sirop de glucose,émulsifiants,arômes,sucre,lait en poudre,beurre de cacao,pâte de cacao,émulsifiants,lécithines,soja,sucre,pâte de cacao,beurre de cacao,émulsifiants,lécithines,soja,gomme arabique,gomme schellac,lécithines,soja";"Kinder,Ferrero";"Cora";"573.5722";"8.3";"52.5";"36.6";"52.2";"21.2";"0.11023622047244096";"0.280";"0";"0";"https://static.openfoodfacts.org/images/products/541/354/828/0189/front_fr.5.400.jpg"
"5413548001180";"Tic Tac";"Belgique, en:france";"Sucre,Maltodextrine,Fructose,Epaississant,Gomme arabique,Amidon de riz,Aromes,Huiles essentielle de menthe,Agent d'enrobage,cire de carnauba";"Tic Tac";"Colruyt";"400.85556";"0.1";"97.5";"0.3";"0";"0";"0";"0";"0";"0";"https://static.openfoodfacts.org/images/products/541/354/800/1180/front_en.9.400.jpg"
"5413548015552";"Schoko-Bons - Kinder - 500 g";"France";"";"Kinder";"";"573.5722";"8.3";"52.5";"36.6";"52.2";"21.2";"0.11023622047244094";"0.280";"0";"0";"https://static.openfoodfacts.org/images/products/541/354/801/5552/front_fr.5.400.jpg"
"5413548016382";"Schoko-bons";"France";"chocolat supérieur au lait,arômes,sucre,lait écrémé en poudre,huile de palme,noisettes,beurre concentré,chocolat noir,arômes,agents d'enrobage,sirop de glucose,émulsifiants,arômes.
Sur le total,lait en poudre,beurre contré 3.7%,cacao 16.5%,sucre,lait en poudre,beurre de cacao,pâte de cacao,émulsifiants,lécithines,soja,sucre,pâte de cacao,beurre de cacao,émulsifiants,lécithines,soja,gomme arabique,gomme schellac,lécithines,soja,produits laitiers,lait écrémé en poudre";"Kinder,Ferrero,Schoko-bons";"";"573.5722";"8.3";"52.5";"36.6";"52.2";"21.2";"0.11023622047244094";"0.28";"0";"0";"https://static.openfoodfacts.org/images/products/541/354/801/6382/front_fr.6.400.jpg"
"5410358458487";"Chamallows schtroumpfs ";"France";"";"Haribo";"";"0";"0";"0";"0";"0";"0";"0";"0";"0";"0";"https://static.openfoodfacts.org/images/products/541/035/845/8487/front_en.3.400.jpg"
"5411178817317";"Super Barbecue Marshmallows";"Deutschland";"Glukose-Fruktosesirup,Zucker,Wasser,Dextrose,Maisstärke,Schweinegelatine,Aroma";"Super Barbecue";"";"339.22223";"3.6";"79";"0";"71";"0";"0.007874015748031496";"0.02";"0";"0";"https://static.openfoodfacts.org/images/products/541/117/881/7317/front_en.9.400.jpg"
"5411011140756";"Crocodiles";"France";"Sirop de glucose,sucre,eau,gélatine,acidifiant,arômes,colorants,E100,E120,E141,huiles végétales,agents d'enrobage,cire d'abeille,cire de carnauba,E330,maltodextrine,palmiste,cocos";"Astra Sweets";"Carrefour Market";"0";"0";"0";"0";"0";"0";"0";"0";"0";"0";"https://static.openfoodfacts.org/images/products/541/101/114/0756/front_fr.5.400.jpg"
"5411011114450";"Pêches";"France";"Sucre,sirop de glucose,eau,gélatine,acidifiant,E330,malto-dextrine,arôme,colorants,E100,E120";"Sans marque,Astra Sweets";"Auchan";"0";"0";"0";"0";"0";"0";"0";"0";"0";"0";"https://static.openfoodfacts.org/images/products/541/101/111/4450/front_fr.3.400.jpg"
"5410057187022";"Filli-tubs";"France";"Sucre,sirop de glucose-fructose,farine de BLÉ,dextrose,amidon modifié,pomme de terre,acidifiants,huile végétale,palme,gélatine,arômes,colorant,E163,antixoydants,acide citrique,acide malique,acide ascorbique,E306";"Lutti";"";"371.71112";"1.8";"85";"1.5";"70";"1";"0.0393700787401575";"0.1";"0";"0";"https://static.openfoodfacts.org/images/products/541/005/718/7022/front_fr.7.400.jpg"
"5410057187039";"Flexi-Fizz";"France";"Sucre,sirop de glucose-fructose,farine de blé,acidifiant,dextrose,huile végétale,arôme,antioxydant,colorant,E163,acide malique,acide citrique,acide ascorbique,d-tocophérol";"Lutti";"Carrefour";"0";"0";"0";"0";"0";"0";"0";"0";"0";"0";"https://static.openfoodfacts.org/images/products/541/005/718/7039/front_fr.6.400.jpg"
"5410057790109";"Jack'gom gommes parisiennes";"France,États-Unis";"sucre,sirop de glucose,dextrose,gélatine,acifiant,acide citrique,concentré des fruits et de végétaux,arômes naturels,arôme naturel d'orange,concentré de spiruline,pomme,carthame,cassis,radis,paprika,orange,fruits de passion,mangue,gardéna";"Lutti";"";"0";"0";"0";"0";"0";"0";"0";"0";"0";"0";"https://static.openfoodfacts.org/images/products/541/005/779/0109/front_fr.6.400.jpg"
"5410057169110";"Bubblizz Original";"France";"Sirop de glucose-fructose,sucre,gélatine,acidifiants,correcteur d'acidité,malate de sodium,colorants,arôme,acide citrique,acide malique,E120,E133,E170";"Lutti";"Leclerc,Cora";"334.44446";"4.8";"74.5";"0";"62.6";"0";"0.15748031496062992";"0.4";"0";"0";"https://static.openfoodfacts.org/images/products/541/005/716/9110/front_fr.16.400.jpg"
"11148313";"Mini (offre eco)";"France";"";"Chupa Chups";"";"0";"0";"0";"0";"0";"0";"0";"0";"0";"0";"https://static.openfoodfacts.org/images/products/11148313/front_fr.3.400.jpg"
"7132";"California Bear Poop";"United States";"";"Drive-Thru Tree";"";"1100";"4";"23";"12";"21";"6";"55";"0";"1";"0";"https://static.openfoodfacts.org/images/products/7132/front_en.7.400.jpg"
"4054411180802";"Waldbeeren";"France,Allemagne";"Sirop de glucose,sucre,acidifiant,acide citrique,concentrés de jus de fruits,de mure,sorbier des oiseliers,prunelles,fruit de l'églantier,framboise,sureau,groseille rouge,cassis,extrait d'échinacée,0,arômes,vitamine C,colorant alimentaire,concentré d'aronia,0";"Wiedenbauer";"Noz";"388.19446";"0.1";"94";"0.1";"65";"0.1";"0.0393700787401575";"0.1";"0.1";"0";"https://static.openfoodfacts.org/images/products/405/441/118/0802/front_fr.6.400.jpg"
"80310839";"Tic Tac goûts citron vert & orange";"France";"sucre,maltodextrines,acidifiant,acide tartrique,amidon de riz,épaississant,gomme arabique,arômes,jus de citron en poudre,colorants,antioxygène,acide ascorbique,agent d'enrobage,cire de carnauba,E160a,E141,E100,E120";"Tic Tac,Ferrero";"";"394.64444";"0.1";"95";"0.4";"0";"0";"0";"0";"0";"0";"https://static.openfoodfacts.org/images/products/80310839/front_fr.7.400.jpg"
"26055510";"BIBOP P!K";"France";"sirop de glucose,sucre,gélatine,dextrose,acidifiants,acide citrique,acide malique,correcteurs d'acidité,citrate tricalcique,malate acide de sodium,agent d'enrobage,citron,colorants,bleu patenté V,lutéine,anthocyanes,sirop de sucre inverti,cire de carnauba,arôme,concentrés de fruits et de plantes,carthame";"Haribo";"Aldi";"339.9389";"5.6";"76";"0.5";"47";"0.1";"0.06692913385826772";"0.17";"0";"0";"https://static.openfoodfacts.org/images/products/26055510/front_fr.6.400.jpg"
"87171891";"Les schtroumpfs";"France";"sirop de glucose,sucre,gélatine,dextrose,acidifiant,acide citrique,arôme,colorants,bleu patenté V,lutéine,anthocyanes,agents d'enrobage,cire d'abeille blanche et jaune,cire de carnauba";"Haribo";"Auchan";"337.07224";"6.6";"75";"0.5";"43";"0.1";"0.011811023622047242";"0.03";"0";"0";"https://static.openfoodfacts.org/images/products/87171891/front_fr.7.400.jpg"
"26042800";"SPORT Mania";"France";"Sirop de glucose,sucre,dextrose,gélatine,sirop de sucre mélassé,farine de blé,amidon,graisse de palme,lactose,protéines du lait,extrait de réglisse,maltodextrine,acidifiant,kiwi,épinard,ortie,extrait de caroube,sirop de sucre inverti,colorants,curcumine,carmins,carotènes végétaux,lutéine,anthocyanes,agent d'enrobage,cire d'abeille blanche et jaune,cire de carnauba,acide citrique,arôme,sel,concentrés de fruits et plantes,pomme";"Haribo";"Aldi";"347.82224";"5.8";"79";"0.5";"48";"0.1";"0.0196850393700787";"0.05";"0";"0";"https://static.openfoodfacts.org/images/products/26042800/front_fr.7.400.jpg"
"80052043";"Tic Tac Menthe";"France";"Sucre,fructose,amidon de riz,manodextrine,épaississant,gomme arabique,arômes,huile essentielle de menthe,agent d'enrobage,cire de carnauba";"Tic Tac";"Monoprix";"1661";"0.1";"97.5";"0";"94.5";"0.5";"0";"0.028";"0";"0";"https://static.openfoodfacts.org/images/products/80052043/front_fr.5.400.jpg"
"3215470514163";"Bouteilles Cola";"France";"sirop de glucose,sucre,gélatine,amidon modifié de blé,acidifiant,E330,arôme,colorant,E150c";"Zip & Zap,Patrelle";"Lidl";"0";"0";"0";"0";"0";"0";"0";"0";"0";"0";"https://static.openfoodfacts.org/images/products/321/547/051/4163/front_fr.5.400.jpg"
"3215470509480";"Zip&Zap Boules Coco";"France";"Sucre,noix de coco râpée,sirop de glucose,amidon de blé,gélatine,protéines de lait hydrolysées,arôme vanille,dont lactose,colorants,E132,carmins,lutéine,extrait de paprika";"Zip&Zap,Patrelle";"LIdl";"0";"0";"0";"0";"0";"0";"0";"0";"0";"0";"https://static.openfoodfacts.org/images/products/321/547/050/9480/front_fr.3.400.jpg"
"5900951139598";"intense 65% cacao";"France,Pologne";"sucre,pâte de cacao,cacahuètes,amidon,matière grasse végétale,sirop de glucose,stabilisant,gomme arabique,dextrine,émulsifiant,lécithine de soja,colorants,lait écrémé en poudre,agent d'enrobage,cire de carnauba,huile végétale,sel,arôme,E100,E120,E132,E133,E160e,E162,E171";"M&M's";"";"519.5833";"10.1";"48.6";"30";"42.4";"13.9";"0.06";"0.1524";"8.3";"0";"https://static.openfoodfacts.org/images/products/590/095/113/9598/front_fr.3.400.jpg"
"5900353615966";"Cherrissimo";"United Kingdom";"";"mieszko";"";"439.0778";"4.3";"58.7";"21.9";"52.6";"14.1";"0.003937007874015748";"0.01";"0";"0";"https://static.openfoodfacts.org/images/products/590/035/361/5966/front_en.3.400.jpg"
"5900102013067";"Dark Chocolate 70% Cocoa ";"Hungary";"cocoa mass,sweetener,maltitol E965,cocoa butter,fat reduced cocoa powder,emulsifiers,flavours,soya lecithines,polyglycerol polyricinoleate";"Wawel";"Tesco";"489.72223";"8";"34";"39";"0.8";"24";"0.007874015748031496";"0.02";"12";"0";"https://static.openfoodfacts.org/images/products/590/010/201/3067/front_en.11.400.jpg"
"00673068";"Sugar free peppermint gum";"United Kingdom";"Sorbitol,E965,E967,sucralose,tocopherol-rich extract,peppermint,menthol,gum arabic,glycerol,E903";"Marks & Spencer";"Marks & Spencer";"180.36111";"0.1";"72.2";"0";"0";"0";"0.1";"0.254";"2";"70";"https://static.openfoodfacts.org/images/products/00673068/front_en.3.400.jpg"
"26038483";"Mini Dragées goût Orange Citron Vert";"France";"Sucre,sirop de glucose,maltodextrine,acidifiant,acide citrique,amidon de riz,arômes,beurre de cacao,paprika émulsion,antiagglomérant,sels de magnésium d'acides gras,épaississant,gomme arabique,colorants,agent d'enrobage,cire de carnauba,curcumine,complexes cuivre-chlorophylles,complexes cuivre-chlorophyllines";"Folidouss";"Aldi";"402.76666";"0";"97";"1";"94";"0.5";"0.011811023622047244";"0.03";"0";"0";"https://static.openfoodfacts.org/images/products/26038483/front_fr.5.400.jpg"
"0010700531001";"Milk Duds";"United States";"";"";"";"1820";"1";"27";"6";"20";"3.5";"70";"0";"0";"0";"https://static.openfoodfacts.org/images/products/001/070/053/1001/front_en.5.400.jpg"
"0010700088130";"Good & Plenty";"United States";"";"";"";"1460";"1";"35";"0";"25";"0";"120";"0.3048";"0";"0";"https://static.openfoodfacts.org/images/products/001/070/008/8130/front_en.6.400.jpg"
"0010700021526";"Milk Duds";"United States";"";"The Hershey Company";"";"1820";"1";"27";"6";"20";"3.5";"105";"0.2667";"0";"0";"https://static.openfoodfacts.org/images/products/001/070/002/1526/front_en.5.400.jpg"
"0010700024404";"Whoppers";"United States";"SUGAR,CORN SYRUP,PARTIALLY HYDROGENATED PALM KERNEL OIL,WHEY,MILK,COCOA,CONTAINS 2% OR LESS OF,MALTED MILK,BARLEY MALT,WHEAT FLOUR,MILK,SALT,SODIUM BICARBONATE,RESINOUS GLAZE,sorbitan tristearate,SOY LECITHIN,SALT,NATURAL AND ARTIFICIAL FLAVORS,CALCIUM CARBONATE,TAPIOCA DEXTRIN";"The Hershey Company";"";"1940";"1";"31";"7";"24";"7";"95";"0.2413";"0";"0";"https://static.openfoodfacts.org/images/products/001/070/002/4404/front_en.5.400.jpg"
"0011747615105";"Ginger candy";"France";"Cane sugar,ginger,tapioca starch";"SINA";"";"389.86667";"0";"94.5";"1.4";"70.3";"0.9";"0";"0";"0";"0";"https://static.openfoodfacts.org/images/products/001/174/761/5105/front_en.6.400.jpg"
"3490090013030";"Bonbons Miel-Eucalyptus";"France";"Sucre,miel,huile essentielle d'eucalyptus 1°/00,menthol";"Provenance nature";"";"0";"0";"0";"0";"0";"0";"0";"0";"0";"0";"https://static.openfoodfacts.org/images/products/349/009/001/3030/front_fr.5.400.jpg"
"3377460147161";"Caramels au lait";"France";"Sucre,crème,lait,sirop de glucose,lait 14% dont en poudre,arôme";"Polonia";"Carrefour Market";"386.28333";"5";"76.4";"6.3";"70.2";"4.2";"0.09055118110236221";"0.23";"0";"0";"https://static.openfoodfacts.org/images/products/337/746/014/7161/front_fr.9.400.jpg"
"3374602531659";"Bonbons myrtille framboise noix Chartreuse";"France";"sucre,sirop de glucose,pulpes de fruits,noix,amandes,alcool,liqueur Chartreuse,sorbitol,miel,arômes,acide citrique,colorants origine naturelle,anthoncyanes et extrait de paprika";"Chartreuse";"";"0";"0";"0";"0";"0";"0";"0";"0";"0";"0";"https://static.openfoodfacts.org/images/products/337/460/253/1659/front_fr.8.400.jpg"
"3373030000874";"Sucettes Caramel au beurre salé de Bretagne";"France";"Sirop de glucose,lait concentré sucré,sucre,beurre salé,crème fraiche,fleur de sel de Guérande";"Biscuiterie des Iles";"Carrefour";"0";"0";"0";"0";"0";"0";"0";"0";"0";"0";"https://static.openfoodfacts.org/images/products/337/303/000/0874/front_fr.5.400.jpg"
"0070970471254";"Mike and Ike";"United States";"";"";"";"1460";"0";"36";"0";"25";"0";"30";"0";"0";"0";"https://static.openfoodfacts.org/images/products/007/097/047/1254/front_en.5.400.jpg"
"0070462098358";"Sour Patch Kids";"United States";"SUGAR,INVERT SUGAR,CORN SYRUP,MODIFIED CORN STARCH,TARTARIC ACID,CITRIC ACID,NATURAL AND ARTIFICIAL FLAVORING,YELLOW,RED,YELLOW 5 AND BLUE";"";"";"1570";"0";"37";"0";"26";"0";"25";"0";"0";"0";"https://static.openfoodfacts.org/images/products/007/046/209/8358/front_en.5.400.jpg"
"0070462431230";"Swedish Fish";"United States";"SUGAR,INVERT SUGAR,CORN SYRUP,MODIFIED CORN STARCH,CITRIC ACID,WHITE MINERAL OIL,ARTIFICIAL FLAVORS,RED 40 AND CARNAUBA WAX";"";"";"1500";"0";"38";"0";"31";"0";"30";"0.0762";"0";"0";"https://static.openfoodfacts.org/images/products/007/046/243/1230/front_en.5.400.jpg"
"0075172079307";"Raspberry Licorice";"United States";"Molasses,wheat flour,raspberry puree,citric acid,natural raspberry flavor,black carrot juice,licorice extract";"Panda";"Wholefoods";"0";"1";"24";"0";"14";"0";"65";"0";"0";"0";"https://static.openfoodfacts.org/images/products/007/517/207/9307/front_en.3.400.jpg"
"0070920474366";"Swiss miss classics marshmallow hot cocoa mix with marshmallows";"United States";"Sugar,corn syrup,modified whey cocoa,processed with alkali,hydrogenated coconut oil,marshmallows,nonfat milk,calcium carbonate,less than 2% of,salt,dipotassium phosphate,mono- and diglycerides,carrageenan,acesulfame potassium,sucralose,artificial flavor,sugar,corn syrup,modified corn starch,gelatin,artificial flavor";"Swiss Miss";"";"1800";"1";"16";"2";"11";"1.5";"135";"0.3429";"1";"0";"https://static.openfoodfacts.org/images/products/007/092/047/4366/front_en.6.400.jpg"
"0071403000232";"Torrone";"United States";"TOASTED ALMONDS,SUGAR,DARK CHOCOLATE,COCOA MIN,NATURAL vANILLA FLAVOR,SUGAR,COCOA PASTE,COCOA BUTTER,eMULSIFIER,SOYA LECITHIN,NATURAL VANILLA FLAVORL SUGAR SYRUP,GLUCOSE SYRUP FROM WhEAT,HONEY,EGG WHITE,WAFER,POTATO STARCH,PALM OIL";"Ferrara";"";"770";"3";"22";"9";"21";"2";"13";"0.03302";"2";"0";"https://static.openfoodfacts.org/images/products/007/140/300/0232/front_en.7.400.jpg"
"0077290772009";"Bit O Honey";"United States";"CORN SYRUP,SUGAR,NONFAT MILK,HYDROGENATED COCONUT OIL,ALMONDS,AND LESS THAN 2% OF HONEY,SALT,EGG WHITES,CANOLA AND/OR SAFFLOWER AND/OR PALM OIL,MODIFIED SOY PROTEIN,NATURAL FLAVOR,TBHQ AND CITRIC ACID,TO PRESERVE FRESHNESS";"";"";"1570";"1";"32";"3";"19";"2";"120";"0";"0";"0";"https://static.openfoodfacts.org/images/products/007/729/077/2009/front_en.5.400.jpg"
"0079200983710";"Original Spree";"United States";"";"";"";"1390";"0";"13";"0";"13";"0";"0";"0";"0";"0";"https://static.openfoodfacts.org/images/products/007/920/098/3710/front_en.5.400.jpg"
"0079200558338";"Rainbow Nerds";"United States, en:france";"Dextrose,sugar,malic acid and less than 2% of corn syrup,natural flavors,carnauba wax,color added,carmine color,blue,blue 1 lake,blue,blue 2 lake,red,red 40 lake,yellow,yellow 5 lake,yellow,yellow 6 lake";"Nestlé";"";"1670";"0";"14";"0";"14";"0";"0";"0";"0";"0";"https://static.openfoodfacts.org/images/products/007/920/055/8338/front_en.5.400.jpg"
"0071720007105";"Tootsie Roll";"United States";"Sugar,Corn Syrup,Partially Hydrogenated Soybean Oil,Condensed Skim Milk,Cocoa,Whey,Soya Lecithin,Artificial and Natural Flavors";"Tootsie Roll";"";"586";"0";"28";"3";"20";"0.5";"10";"0";"0";"0";"https://upload.wikimedia.org/wikipedia/commons/f/f8/Question_mark_alternate.svg"
